Host_ID,Host_Name,Superhost_Flag,Total_Listings,Host_Since_Year,Response_Time
0,Taylor Anderson,True,12,2021,within a day
1,Linda Burke,True,12,2014,within a few hours
2,Allison Buck,True,13,2023,within a day
3,Krystal Miles,False,3,2019,within a day
4,Faith Miller,False,16,2021,within a day
5,Michael Duran,True,8,2020,within an hour
6,Alexandra Mathis,True,7,2013,within an hour
7,Brandi Escobar,True,8,2021,within an hour
8,Stacy Randall,True,7,2024,within a day
9,Melanie Miller,True,9,2010,within a few hours
10,Ralph Allen,False,2,2024,within an hour
11,Frank Hickman,True,13,2019,within a few hours
12,Mark Ross,True,6,2018,within a day
13,William Howard,True,5,2014,within an hour
14,Jesse Garner PhD,False,18,2010,within an hour
15,Michelle Torres,True,11,2014,within a day
16,Kim Campbell,False,18,2020,within a day
17,Noah Henry,False,3,2023,within a few hours
18,Katie Hill,False,13,2017,within a few hours
19,Michelle Allen,True,8,2013,within a few hours
20,Kristina Phillips,False,13,2017,within a few hours
21,Bobby Adams,True,16,2024,within a few hours
22,Steven Evans,True,10,2022,within a few hours
23,Angel Woods,True,14,2013,within an hour
24,Jacqueline Anderson,True,11,2012,within an hour
25,Brian Reynolds,True,20,2020,within an hour
26,Frank Johnston,False,11,2020,within an hour
27,Brian Sims,True,2,2012,within a day
28,Richard Brennan,False,7,2021,within an hour
29,Danny Graves,True,10,2015,within a day
30,Kevin Jordan,True,19,2011,within an hour
31,Becky Oneill,False,13,2020,within a few hours
32,Haley Hines,True,9,2015,within an hour
33,Dustin Dawson,True,13,2023,within a day
34,Harold Brown,False,11,2012,within a few hours
35,Sarah Hughes,False,1,2017,within a day
36,Amy Long,True,6,2019,within a few hours
37,Rebecca Johnson,True,2,2019,within an hour
38,Tony Duke,True,8,2013,within a day
39,Amy Li,True,5,2012,within an hour
40,Ryan Fernandez,False,11,2019,within a few hours
41,Jennifer Klein,True,20,2015,within a day
42,Jason Alexander,True,19,2021,within a few hours
43,Hayley Brock,False,12,2013,within a few hours
44,Andrew Brooks,False,6,2018,within a day
45,Shannon Rogers,True,4,2012,within a day
46,Dawn Simpson,True,3,2021,within a day
47,Stephanie Parks,False,19,2020,within a few hours
48,Joyce Castro,True,13,2011,within a day
49,Jessica Rubio,True,3,2023,within a few hours
50,Kevin Morgan,False,9,2016,within an hour
51,Edwin Smith,False,9,2018,within a day
52,Michael Miles,True,12,2017,within a few hours
53,Blake Schwartz,False,7,2018,within an hour
54,Kelly Adkins,True,18,2021,within a few hours
55,Amanda Tucker,False,17,2011,within an hour
56,Johnny Robinson,False,1,2010,within an hour
57,Ivan Winters,False,10,2023,within a day
58,Dr. Nancy Walters,False,5,2023,within a few hours
59,Joshua Mora,False,12,2016,within an hour
60,Heidi Smith,True,18,2011,within an hour
61,Miranda Elliott,False,17,2020,within a day
62,Amanda Horton,False,14,2011,within a few hours
63,Kimberly Lucero,False,4,2016,within a few hours
64,Laura Clayton,True,5,2024,within a few hours
65,Ashley Young,True,15,2015,within a few hours
66,Katherine Melton,True,7,2018,within a few hours
67,Bruce Salinas,False,11,2018,within an hour
68,Carol Mccoy,False,1,2023,within a few hours
69,Donald Cook,False,4,2018,within a few hours
70,Devin Spence,True,17,2018,within a day
71,Andrew Evans,True,18,2019,within a few hours
72,John Johnson,True,4,2012,within a few hours
73,Amber Conrad,True,14,2025,within an hour
74,Tricia Reese,True,10,2022,within an hour
75,Rodney Mccarthy,False,17,2015,within an hour
76,Mrs. Deanna Scott DDS,False,7,2018,within an hour
77,Mr. Christopher Jones,False,14,2013,within a few hours
78,Tammie Jenkins,False,13,2010,within a few hours
79,Jason Russo,True,11,2025,within a few hours
80,Hayley Morrison,False,5,2016,within an hour
81,Lucas Bailey,False,10,2014,within a few hours
82,Mr. Mark Matthews PhD,True,2,2011,within a day
83,Erica Edwards,True,17,2021,within an hour
84,Mrs. Amber Clark MD,False,10,2018,within an hour
85,Tracy Simmons,False,17,2020,within a few hours
86,Richard Jones,False,5,2023,within an hour
87,Edwin Jennings,True,9,2011,within a day
88,Austin Knight,False,8,2023,within a day
89,Chad Kirk,True,14,2013,within a few hours
90,Alexandria Meyers,False,18,2019,within a few hours
91,Paige Thompson,False,12,2024,within a few hours
92,Chelsea Brown,False,12,2015,within an hour
93,Jasmine Blackwell,False,11,2019,within a day
94,Andrew Kelley,True,7,2015,within a few hours
95,Michael Berger,False,14,2019,within a few hours
96,Jason Moreno,False,4,2010,within an hour
97,Ashley Moore,True,4,2011,within an hour
98,Priscilla Wilson,True,10,2024,within a few hours
99,James Estrada,False,2,2015,within an hour
100,Traci Dillon,True,14,2012,within an hour
101,William Jones,True,18,2013,within an hour
102,Mary Mack,False,15,2011,within an hour
103,Gina Thomas,False,12,2018,within a day
104,Lisa Adams,True,14,2014,within an hour
105,Kyle Lopez,True,19,2020,within a day
106,Jonathan Nguyen,True,10,2011,within an hour
107,Brooke Lopez,False,8,2013,within a few hours
108,Jennifer Kelley,True,6,2016,within a day
109,Jennifer Francis,False,15,2012,within a day
110,Beverly Bowers,False,19,2018,within an hour
111,Daniel Lopez,False,11,2021,within a day
112,Ashley Guzman,True,19,2024,within an hour
113,Carrie Young,False,3,2024,within a few hours
114,Bobby Webster,True,13,2013,within an hour
115,Ariana Wilson,False,16,2022,within a day
116,Alyssa Moore,True,15,2019,within a few hours
117,Howard Myers,True,1,2014,within a few hours
118,Kelly Carter,True,1,2012,within a few hours
119,Daniel Gutierrez,True,11,2018,within an hour
120,Shane Nguyen,False,6,2012,within an hour
121,Nancy Owens,True,1,2024,within a day
122,Michele Vargas,True,16,2015,within a day
123,Kim Nash,True,5,2025,within an hour
124,Amanda Smith,True,6,2015,within a day
125,Mary Greer,False,8,2012,within an hour
126,Joshua Morris,False,13,2015,within a few hours
127,Keith Perez,True,17,2011,within a few hours
128,Dr. David Obrien DVM,True,7,2019,within a day
129,Brenda Ho,False,9,2022,within an hour
130,Brittany Walker,False,13,2018,within a day
131,Traci Fernandez,True,20,2011,within a day
132,Eduardo Bishop,False,5,2014,within a day
133,Justin Bates,False,18,2019,within a few hours
134,Steven Tran,False,8,2023,within a few hours
135,Christine Holder,False,7,2018,within an hour
136,Edward Alexander,False,5,2017,within a day
137,Shannon Cole,True,9,2019,within a few hours
138,Justin Cobb,True,6,2024,within a day
139,Samantha Hall,False,16,2018,within an hour
140,Ashley Brown,False,6,2024,within an hour
141,Nathan Bautista,True,13,2019,within a day
142,Anthony Thompson,True,17,2010,within a few hours
143,Michael Melendez,False,1,2020,within an hour
144,Mr. Jeffrey Harris,True,4,2016,within a day
145,William Koch,True,19,2023,within a day
146,Anthony Durham,True,7,2018,within a few hours
147,Tiffany Gutierrez,False,2,2012,within a few hours
148,George Owens,True,8,2012,within an hour
149,Randy Richardson,True,5,2011,within an hour
150,Raymond Jackson,True,18,2012,within a day
151,Dan Owens,False,7,2013,within an hour
152,Heather Graves,True,20,2025,within a day
153,Lindsay Davis,False,20,2021,within a day
154,Christine Chapman,True,20,2012,within an hour
155,Alexander Cruz,False,10,2012,within a day
156,Mary Waters DDS,True,9,2025,within a few hours
157,Keith Smith,False,2,2024,within a day
158,Christian Davenport,True,3,2014,within an hour
159,Miranda Olson,False,2,2015,within a day
160,Darin Jones,False,18,2025,within a few hours
161,Jimmy Cannon,False,5,2023,within a day
162,Elizabeth Smith,True,10,2010,within a day
163,Crystal Burke,False,18,2017,within an hour
164,Curtis Jarvis,True,15,2012,within a day
165,Mrs. Tracey Smith,False,2,2015,within a few hours
166,Kelly Randall,True,9,2024,within a few hours
167,William Henson,False,3,2010,within a day
168,Francisco Ayala,True,6,2016,within a few hours
169,Shannon Long,True,20,2010,within a few hours
170,Marissa Hall,True,2,2011,within a day
171,Russell Duarte,False,15,2018,within a day
172,Amanda Cortez,False,14,2025,within a few hours
173,Scott Acosta,False,20,2019,within an hour
174,Katherine Glenn,True,10,2024,within an hour
175,Jason Wallace,True,17,2023,within a day
176,Mary Christensen,False,5,2025,within a few hours
177,Cindy Gonzalez,False,10,2011,within an hour
178,Andrea Santos,True,18,2017,within a day
179,Kristin Hess,False,7,2013,within an hour
180,Abigail Peters,True,3,2020,within a few hours
181,Timothy Arroyo,False,13,2010,within a day
182,James Williams,True,20,2025,within a day
183,Leslie Castro,False,15,2019,within a few hours
184,Nancy Phillips,True,15,2018,within an hour
185,Ruben Owen,False,18,2023,within an hour
186,Jacqueline Simmons,False,19,2025,within a few hours
187,Philip Cox,False,9,2015,within a day
188,Stacy Austin,True,14,2011,within a day
189,William Dixon,True,5,2024,within an hour
190,Russell Nguyen,False,17,2015,within a few hours
191,Kathy Baker,False,10,2011,within a day
192,Vanessa Patterson,False,19,2014,within a day
193,Danielle Johnson,True,13,2024,within an hour
194,Cassandra Taylor,False,18,2020,within a day
195,Daniel Moore,False,8,2011,within a few hours
196,Thomas Gonzalez,True,7,2020,within a day
197,Veronica Mcbride,False,8,2025,within a few hours
198,Stephanie Parrish,True,4,2018,within a few hours
199,Jeffrey Decker,True,7,2020,within an hour
200,Rebecca Andrade,False,20,2017,within an hour
201,Lauren Rodriguez,True,4,2013,within a day
202,Joel Stephenson,True,13,2019,within a few hours
203,Tonya Martinez,True,17,2016,within a day
204,Michelle Petersen,True,17,2020,within a day
205,Tracey Cooper,False,7,2022,within a few hours
206,Katie Burton,False,4,2017,within a few hours
207,Samantha Nelson,False,2,2010,within an hour
208,Richard Berg,False,9,2022,within an hour
209,Kimberly Thomas,False,16,2017,within a day
210,Kristin Archer,False,7,2010,within a few hours
211,Kevin Riley,True,9,2011,within a few hours
212,Laura Davis,True,1,2010,within a day
213,Jessica Higgins,False,15,2014,within a few hours
214,Gary Rowland,True,18,2013,within an hour
215,Phillip Ortega,False,1,2013,within a few hours
216,Carlos Carter,False,6,2023,within a day
217,Marissa Fletcher,False,15,2021,within an hour
218,David Smith,True,11,2011,within a few hours
219,Jessica Flores,False,16,2019,within an hour
220,Adam Johnson,True,15,2018,within a few hours
221,Willie Gilmore,False,8,2021,within a day
222,Rachel Robertson,True,11,2023,within a few hours
223,Peter Woods,False,9,2016,within a few hours
224,Gloria Jones,True,16,2025,within a day
225,Derek Norris,True,19,2017,within a day
226,Ryan Bean,True,11,2012,within a few hours
227,Anna Sullivan,True,19,2025,within a day
228,Jeffrey Wagner,False,11,2023,within a few hours
229,Audrey Gibbs,False,2,2013,within a few hours
230,Pamela Santos,True,10,2012,within an hour
231,Mark Bishop,False,20,2013,within a day
232,Jonathan Jones,True,12,2015,within a few hours
233,Kristopher Cantrell,True,18,2012,within an hour
234,Julie Wright,False,9,2011,within an hour
235,Isabella Howell,True,8,2013,within a few hours
236,Sheila Morris,False,11,2024,within an hour
237,Aimee Copeland,False,2,2016,within a few hours
238,Daniel Morales,False,5,2024,within an hour
239,Joshua Soto,False,7,2015,within an hour
240,Jordan Calhoun,True,20,2012,within an hour
241,Tiffany Villarreal,True,4,2025,within a few hours
242,Susan Shaw,True,12,2019,within a few hours
243,Whitney Martinez,False,20,2019,within a day
244,Tamara Richardson DDS,True,15,2022,within an hour
245,James Jones,True,9,2015,within a few hours
246,John Meyer,False,12,2013,within a day
247,Matthew Avila,False,5,2011,within a day
248,Amber Jones,True,15,2021,within a few hours
249,Eric Jackson,False,2,2014,within an hour
250,Samantha Shelton,True,20,2010,within a day
251,Stephen Johnson,True,14,2016,within a few hours
252,John Conner,False,15,2020,within a few hours
253,Abigail Wright,False,8,2025,within an hour
254,Stephanie Hernandez,False,17,2015,within a few hours
255,David Long,False,18,2018,within an hour
256,Kimberly Schmidt,True,18,2024,within an hour
257,Helen Marks,True,6,2015,within a day
258,Christopher Bell,True,2,2014,within an hour
259,Jessica Harris,False,7,2014,within an hour
260,Christina Mccarty,True,17,2019,within an hour
261,Steven Hughes,False,3,2024,within a few hours
262,Stephanie Martinez,False,16,2011,within a day
263,Sierra Franco,True,6,2019,within an hour
264,Tonya Christian,True,17,2016,within a few hours
265,Edward Hernandez,False,18,2012,within an hour
266,Donna Anderson,True,20,2020,within a few hours
267,Dawn Deleon,True,13,2016,within an hour
268,Cheryl Petersen,False,11,2011,within a day
269,Melissa Hernandez,False,8,2014,within a day
270,Dana Murphy,False,16,2022,within an hour
271,Miss Cathy Todd,True,1,2019,within an hour
272,Victor Neal,True,13,2022,within a few hours
273,Shawn Moore,True,19,2012,within a few hours
274,Matthew Watson,True,4,2015,within a few hours
275,Sabrina Vargas,False,19,2011,within a few hours
276,Richard Miller,False,18,2015,within an hour
277,Regina Gill,False,19,2020,within a day
278,Edward Ramirez,True,12,2021,within a day
279,Daniel Rice,False,7,2014,within a few hours
280,Paul Walton,False,2,2015,within an hour
281,James Miller,False,9,2017,within a day
282,Jared Hughes,True,9,2016,within a day
283,Rebecca Atkins,False,7,2024,within a few hours
284,Tammy Adams,False,14,2019,within an hour
285,Rachael Brown,False,10,2024,within a few hours
286,Susan Dickerson,False,19,2018,within a day
287,Kimberly Wright,False,16,2013,within a few hours
288,Jasmine Johnson,False,17,2020,within an hour
289,Thomas Miranda,True,17,2018,within a day
290,Brittany Rivera,False,5,2018,within an hour
291,Brittany Hensley,True,1,2025,within an hour
292,Brenda Garcia,False,7,2020,within a few hours
293,Maureen Webb,False,18,2018,within an hour
294,Amanda Johnson,False,8,2021,within a day
295,Ariel Vargas,True,5,2011,within a few hours
296,Ricky Cross,True,10,2025,within a day
297,Terrance Gonzalez,True,16,2014,within an hour
298,Jeanette Norris,False,9,2012,within a day
299,Dustin Greene,False,5,2018,within an hour
